identifier_020,mutation_020,pdb_010,mutation_010,registry_name,moved,clean_zero_in_010,interaction_energy_010,interaction_energy_020,interaction_energy_moved
2C5D_AB_CD,"AA126V,AB126V",2C5D,"AA126V,AB126V","AA126V,AB126V",True,True,0.0,-1.5421,True
2C5D_AB_CD,"EC30R,EC33R,ED30R,EC33R",2C5D,"EC30R,EC33R,ED30R,EC33R","EC30R,EC33R,ED30R,EC33R",True,False,4.355,6.2238,True
2C5D_AB_CD,"EC30R,ED30R",2C5D,"EC30R,ED30R","EC30R,ED30R",True,False,3.2145,4.9774,True
2C5D_AB_CD,"EC33R,ED33R",2C5D,"EC33R,ED33R","EC33R,ED33R",True,False,1.4313,1.5859,True
2C5D_AB_CD,"FA207A,FB207A",2C5D,"FA207A,FB207A","FA207A,FB207A",False,True,0.0,0.0,False
2C5D_AB_CD,"FA209A,FB209A",2C5D,"FA209A,FB209A","FA209A,FB209A",False,True,0.0,0.0,False
2C5D_AB_CD,"KA34E,KB34E",2C5D,"KA34E,KB34E","KA34E,KB34E",True,False,0.831,1.9457,True
2C5D_AB_CD,"KC178E,KD178E",2C5D,"KC178E,KD178E","KC178E,KD178E",True,True,0.0,3.4407,True
2C5D_AB_CD,"LA324A,LB324A",2C5D,"LA324A,LB324A","LA324A,LB324A",False,True,0.0,0.0,False
2C5D_AB_CD,"LC105E,LD105E",2C5D,"LC105E,LD105E","LC105E,LD105E",True,True,0.0,5.1289,True
2C5D_AB_CD,"QC28R,QD28R",2C5D,"QC28R,QD28R","QC28R,QD28R",True,False,0.1133,0.2273,True
2C5D_AB_CD,"QC96R,QD96R",2C5D,"QC96R,QD96R","QC96R,QD96R",True,True,0.0,-0.0128,True
2C5D_AB_CD,"RA32E,KA34E,RB32E,KA34E",2C5D,"RA32E,KA34E,RB32E,KA34E","RA32E,KA34E,RB32E,KA34E",True,False,0.6868,2.3297,True
2C5D_AB_CD,"RA32E,RB32E",2C5D,"RA32E,RB32E","RA32E,RB32E",True,False,0.0977,6.9109,True
2C5D_AB_CD,"TA26D,TB26D",2C5D,"TA26D,TB26D","TA26D,TB26D",True,False,2.9207,6.7259,True
2C5D_AB_CD,"TC182E,TD182E",2C5D,"TC182E,TD182E","TC182E,TD182E",True,True,0.0,-1.7535,True
2C5D_AB_CD,"TC51R,TD51R",2C5D,"TC51R,TD51R","TC51R,TD51R",True,False,-0.6418,-3.5586,True
2C5D_AB_CD,"WA238F,WB238F",2C5D,"WA238F,WB238F","WA238F,WB238F",False,True,0.0,0.0,False
2C5D_AB_CD,"YA364A,YB364A",2C5D,"YA364A,YB364A","YA364A,YB364A",True,False,0.001,0.001,False
3SE4_B_A,DA117A,3SE4,DB117A,DA117A,True,True,0.0,1.4968,True
3SE4_B_A,FA223A,3SE4,FB223A,FA223A,True,True,0.0,1.7884,True
3SE4_B_A,FA273A,3SE4,FB273A,FA273A,False,True,0.0,0.0,False
3SE4_B_A,LA116A,3SE4,LB116A,LA116A,True,True,0.0,0.6182,True
3SE4_B_A,NA140T,3SE4,NB140T,NA140T,True,True,0.0,-0.0345,True
3SE4_B_A,NA227A,3SE4,NB227A,NA227A,True,True,0.0,-0.0896,True
3SE4_B_A,NA230A,3SE4,NB230A,NA230A,True,True,0.0,0.0084,True
3SE4_B_A,RA226A,3SE4,RB226A,RA226A,True,True,0.0,6.8535,True
3SE4_B_A,SA120A,3SE4,SB120A,SA120A,True,True,0.0,-0.0279,True
3SE4_B_A,TA166A,3SE4,TB166A,TA166A,True,True,0.0,1.2947,True
3SE4_B_A,YA148A,3SE4,YB148A,YA148A,True,True,0.0,0.014,True
3SE4_B_A,YA55A,3SE4,YB55A,YA55A,True,False,0.0002,1.2967,True
